Time,Price,sales,sales_w_price,sales_w_seas,sales_w_noise,Actual_forecast,WEEK,YEAR,PERIOD
1,0.807367334785637,79.8658158901506,513.717278205073,589.837944532735,597.657339489714,,1,0,W 2015 01
2,0.810849892947097,80.7655742896728,512.286611489717,562.666178202354,582.208947865101,,2,0,W 2015 02
3,0.814306765841008,81.7380374934307,510.932872622231,552.720824538263,592.230085530553,,3,0,W 2015 03
4,0.817737936013993,82.783032118676,509.655378316611,545.907488901598,524.531695138109,,4,0,W 2015 04
5,0.821143386767252,83.900381865696,508.453458345956,540.288625412736,483.696689327162,,5,0,W 2015 05
6,0.824523102171771,85.0899074853574,507.326455044595,535.430055124382,610.782191496877,,6,0,W 2015 06
7,0.827877067083585,86.3514267465652,506.273722828249,531.16261439557,515.934049166309,,7,0,W 2015 07
8,0.831205267159066,87.6847544036413,505.294627731425,527.378854917681,558.900990328819,,8,0,W 2015 08
9,0.834507688870255,89.0897021636304,504.388546961314,524.00288360824,518.60221058074,,9,0,W 2015 09
10,0.837784319520222,90.5660786535411,503.554868467441,520.990979565834,494.480083802643,,10,0,W 2015 10
11,0.841035147258447,92.1136893875287,502.792990526419,518.327319606663,550.190507657206,,11,0,W 2015 11
12,0.844260161096224,93.7323367340286,502.102321341135,515.968303348608,457.086031626919,,12,0,W 2015 12
13,0.847459350922074,95.421819882846,501.482278653777,513.637431477901,518.337369157579,,13,0,W 2015 13
14,0.850632707517172,97.1819348122134,500.932289372098,510.602244851395,542.760613978524,,14,0,W 2015 14
15,0.853780222570773,99.0124742558207,500.451789208366,506.294246799766,468.836916869872,,15,0,W 2015 15
16,0.85690188869564,100.913227669828,500.040222330485,501.121498421858,471.820052297528,,16,0,W 2015 16
17,0.859997699443457,102.883981199873,499.697041024759,495.648469025368,395.385332308462,,17,0,W 2015 17
18,0.863067649320238,104.92451764807,499.421705369849,489.97859656373,389.203697185072,,18,0,W 2015 18
19,0.866111733801706,107.034616440033,499.213682921441,483.982492690105,465.844318910645,,19,0,W 2015 19
20,0.869129949348654,109.214053591903,499.072448407204,477.512422303591,467.308563519683,,20,0,W 2015 20
21,0.872122293422271,111.462601677412,498.997483431631,470.477820494209,394.596894292447,,21,0,W 2015 21
22,0.875088764499431,113.780029794988,498.98827619035,462.884278470852,464.15031907158,,22,0,W 2015 22
23,0.878029362087939,116.166103534897,499.044321193551,454.879563803774,404.316927241708,,23,0,W 2015 23
24,0.880944086741722,118.620584946459,499.165118998151,446.808194570883,436.65934316252,,24,0,W 2015 24
25,0.883832940075969,121.143232505324,499.350175948378,439.250094379302,519.82095555314,,25,0,W 2015 25
26,0.886695924782208,123.733801080828,499.599003924425,432.996516235827,405.945561588847,,26,0,W 2015 26
27,0.889533044643306,126.392041903447,499.911120098891,428.91478259039,446.693407513544,,27,0,W 2015 27
28,0.8923443045484,129.117702532347,500.286046700682,427.703687913461,481.07331175189,,28,0,W 2015 28
29,0.895129710507737,131.910526823054,500.723310786127,429.637798506637,449.339284906736,,29,0,W 2015 29
30,0.897889269667437,134.770254895246,501.222444017002,434.454685137494,427.245603590405,,30,0,W 2015 30
31,0.90062299032414,137.696623100683,501.782982445233,441.463459867044,453.531290287488,,31,0,W 2015 31
32,0.903330881939568,140.689363991291,502.404466304026,449.798196137084,471.998651160824,,32,0,W 2015 32
33,0.906012955154961,143.748206287404,503.086439805184,458.662461563374,477.694573934581,,33,0,W 2015 33
34,0.908669221805403,146.872874846186,503.828450942393,467.465431722,440.994790281446,,34,0,W 2015 34
35,0.911299694934021,150.063090630238,504.630051300263,475.846112629678,407.604459108921,,35,0,W 2015 35
36,0.913904388806047,153.31857067641,505.490795868922,483.632942222975,463.398819155929,,36,0,W 2015 36
37,0.91648331892275,156.639028064825,506.410242863973,490.784980526169,540.789657280875,,37,0,W 2015 37
38,0.919036502035206,160.024171888131,507.387953551612,497.340209881794,490.342400258189,,38,0,W 2015 38
39,0.921563956157929,163.473707221003,508.423492078755,503.378951797534,496.039467441058,,39,0,W 2015 39
40,0.924065700582324,166.987335089892,509.516425307983,509.001510046812,524.235718061155,,40,0,W 2015 40
41,0.926541755889987,170.564752443055,510.666322657156,514.316382879465,465.816696341068,,41,0,W 2015 41
42,0.928992143965812,174.205652120864,511.87275594354,519.435439747195,427.528742598579,,42,0,W 2015 42
43,0.931416888010924,177.909722826416,513.135299232293,524.473305211953,604.712189573502,,43,0,W 2015 43
44,0.933816012555414,181.676649096469,514.453528689183,529.548955039037,620.042977274578,,44,0,W 2015 44
45,0.936189543470877,185.506111272694,515.827022437388,534.788021625302,542.493773092857,,45,0,W 2015 45
46,0.938537507982742,189.397785473289,517.255360418259,540.325127727792,548.191676002987,,46,0,W 2015 46
47,0.940859934682383,193.351343564944,518.738124255925,546.309965085887,625.255692640872,,47,0,W 2015 47
48,0.943156853539011,197.366453135195,520.27489712562,552.943833043324,547.516200472329,,48,0,W 2015 48
49,0.945428295911338,201.442777465168,521.865263625611,560.69120369543,564.020554978405,,49,0,W 2015 49
50,0.947674294558995,205.57997550273,523.508809652645,571.54820065084,516.35784544148,,50,0,W 2015 50
51,0.949894883653707,209.777701836085,525.205122280785,599.939054592969,631.749188104835,,51,0,W 2015 51
52,0.952090098790221,214.035606667795,526.953789643554,737.67266462316,678.695260535168,,52,0,W 2015 52
53,0.954259976996966,218.35333578928,528.754400819295,607.103210605641,629.676475961208,,1,1,W 2016 01
54,0.956404556746442,222.73053055579,530.606545719648,582.787741301766,597.772031262259,,2,1,W 2016 02
55,0.958523877965339,227.166827861877,532.509814981073,576.062492320151,600.755290610257,,3,1,W 2016 03
56,0.960617982044374,231.661860117385,534.46379985932,572.480549216836,644.532139445872,,4,1,W 2016 04
57,0.962686911847824,236.215255223969,536.468092126791,570.05730478435,683.568033223716,,5,1,W 2016 05
58,0.964730711722776,240.82663655217,538.522283972706,568.353992436425,425.010273584804,,6,1,W 2016 06
59,0.966749427508059,245.49562291906,540.625967906002,567.20364809553,489.014964785204,,7,1,W 2016 07
60,0.968743106542868,250.221828566472,542.778736660909,566.501230972999,588.341500656644,,8,1,W 2016 08
61,0.970711797675066,255.004863139845,544.980183105129,566.173021129953,476.794289849312,,9,1,W 2016 09
62,0.972655551269158,259.84433166769,547.229900150566,566.178304650014,554.891189840017,,10,1,W 2016 10
63,0.974574419213931,264.739834541704,549.527480666539,566.505721978881,562.475317056408,,11,1,W 2016 11
64,0.976468454929746,269.690967497548,551.872517395433,567.112945633615,672.525977499698,,12,1,W 2016 12
65,0.97833771337549,274.697321596314,554.264602870731,567.699117388336,572.662568427946,,13,1,W 2016 13
66,0.980182251055163,279.758483206691,556.703329337374,567.449884359045,553.674127178177,,14,1,W 2016 14
67,0.982002126024109,284.87403398786,559.188288674412,565.716457686167,596.022124512284,,15,1,W 2016 15
68,0.983797397894871,290.04355087313,561.719072319883,562.933721413784,487.658539358806,,16,1,W 2016 16
69,0.985568127842678,295.266606054338,564.295271197903,559.723320902429,525.83690309321,,17,1,W 2016 17
70,0.987314378610536,300.542766967038,566.916475647896,556.197169886926,458.089379930293,,18,1,W 2016 18
71,0.989036214513948,305.871596276488,569.582275355951,552.204113888952,534.147252049398,,19,1,W 2016 19
72,0.99073370144522,311.252651864472,572.292259288254,547.569123221478,548.59914220042,,20,1,W 2016 20
73,0.992406906877381,316.685486816952,575.046015626568,542.179880858928,535.510923611641,,21,1,W 2016 21
74,0.994055899867686,322.169649412606,577.843131705724,536.033638166897,579.134673448826,,22,1,W 2016 22
75,0.995680751060709,327.704683112237,580.683193953089,529.293505117591,448.793037976465,,23,1,W 2016 23
76,0.997281532691018,333.290126549098,583.565787829992,522.356162620048,442.394411974319,,24,1,W 2016 24
77,0.998858318585427,338.925513520145,586.490497775067,515.902504712232,610.005084389949,,25,1,W 2016 25
78,1.00041118416481,344.610372978234,589.456907149493,510.875292508559,498.230839137182,,26,1,W 2016 26
79,1.0019402064455,350.3442290253,592.464598184111,508.324008220446,395.084441175356,,27,1,W 2016 27
80,1.00344546404021,356.126600906513,595.513151928382,509.115081182996,567.228985299997,,28,1,W 2016 28
81,1.00492703715858,361.957003005461,598.602148201173,513.621202757115,469.579209441903,,29,1,W 2016 29
82,1.00638500760716,367.834944840353,601.731165543344,521.574656490607,587.8808985162,,30,1,W 2016 30
83,1.00781945878908,373.759931061289,604.899781172127,532.184549120718,574.818281816772,,31,1,W 2016 31
84,1.00923047570315,379.731461448598,608.107570937264,544.433234196935,540.600322159253,,32,1,W 2016 32
85,1.01061814494255,385.74903091227,611.354109278891,557.36978471796,581.396890167267,,33,1,W 2016 33
86,1.01198255469305,391.812129492519,614.638969187162,570.278376591904,598.333487851177,,34,1,W 2016 34
87,1.01332379473072,397.920242361467,617.961722163579,582.713380798072,566.067155361125,,35,1,W 2016 35
88,1.01464195641925,404.072849826001,621.321938184036,594.455447037549,681.855306426368,,36,1,W 2016 36
89,1.01593713270674,410.269427331799,624.719185663532,605.443506901098,594.326421882554,,37,1,W 2016 37
90,1.01720941812197,416.50944546857,628.153031422581,615.713791190381,515.043166897901,,38,1,W 2016 38
91,1.01845890877029,422.792369976499,631.623040655269,625.356123565923,646.02039993616,,39,1,W 2016 39
92,1.01968570232894,429.117661753949,635.128776898965,634.48691829777,643.812951464806,,40,1,W 2016 40
93,1.02088989804193,435.484776866414,638.669802005686,643.234785314868,717.274059172146,,41,1,W 2016 41
94,1.02207159671442,441.893166556759,642.245676115076,651.73455966343,615.942903902323,,42,1,W 2016 42
95,1.0232309007066,448.34227725676,645.855957629019,660.126499376103,645.112424127498,,43,1,W 2016 43
96,1.02436791392708,454.83155059997,649.500203187867,668.5582559267,557.969691377589,,44,1,W 2016 44
97,1.02548274182582,461.36042343592,653.177967648268,677.187773989201,734.304318746827,,45,1,W 2016 45
98,1.02657549138653,467.928327845686,656.888804062598,686.186271073299,657.471261580951,,46,1,W 2016 46
99,1.02764627111856,474.534691158834,660.632263659988,695.746026788344,634.691634210431,,47,1,W 2016 47
100,1.02869519104837,481.178935971766,664.407895828929,706.127185173791,759.012511941981,,48,1,W 2016 48
101,1.02972236271043,487.860480167477,668.215248101467,717.929392699409,697.555501697174,,49,1,W 2016 49
102,1.03072789913765,494.57873693676,672.053866138971,733.724382187631,630.571031656555,,50,1,W 2016 50
103,1.03171191485133,501.33311480085,675.923293719464,772.103630768905,760.544799303683,,51,1,W 2016 51
104,1.03267452585062,508.123017635557,679.823072726532,951.671488822017,882.625577879598,,52,1,W 2016 52
105,1.03361584960145,514.947844696869,683.752743139783,785.068615934683,728.678492898498,,1,2,W 2017 01
106,1.034536005025,521.80699064808,687.711843026873,755.343172633733,699.303215411911,,2,2,W 2017 02
107,1.03543511248566,528.699845588429,691.699908537077,748.272354874157,676.946065059386,,3,2,W 2017 03
108,1.03631329377856,535.625795083281,695.71647389642,745.203228320156,669.916334670646,,4,2,W 2017 04
109,1.03717067211651,542.584220195867,699.761071404342,743.574345263184,682.533582903368,,5,2,W 2017 05
110,1.03800737211657,549.574497520591,703.833231431919,742.822421651238,738.501711303468,,6,2,W 2017 06
111,1.03882351978604,556.595999217924,707.93248242162,742.735107953014,781.037563893782,,7,2,W 2017 07
112,1.03961924250803,563.648093050899,712.058350888596,743.179319780537,684.51940247136,,8,2,W 2017 08
113,1.04039466902658,570.73014242322,716.210361423519,744.061888234763,776.011943047839,,9,2,W 2017 09
114,1.0411499294312,577.841506419002,720.388036696931,745.33222178649,640.542037521695,,10,2,W 2017 10
115,1.04188515514108,584.981539844145,724.590897465148,746.97791093164,837.023646272864,,11,2,W 2017 11
116,1.04260047888875,592.149593269373,728.81846257767,748.945403361021,761.819672276273,,12,2,W 2017 12
117,1.04329603470327,599.345013074928,733.070248986127,750.838735105248,832.710658737684,,13,2,W 2017 13
118,1.04397195789305,606.56714149695,737.345771754742,751.579433542952,750.101049532101,,14,2,W 2017 14
119,1.04462838502812,613.815316675538,741.644544072314,750.302774275647,807.531971742031,,15,2,W 2017 15
120,1.04526545392204,621.088872704516,745.966077265719,747.579138072235,719.308595160805,,16,2,W 2017 16
121,1.04588330361334,628.387139682902,750.309880814917,744.230830260397,773.392473723831,,17,2,W 2017 17
122,1.04648207434647,635.709443768097,754.675462369478,740.405993446044,731.043237815766,,18,2,W 2017 18
123,1.04706190755244,643.055107230798,759.062327766607,735.903061289784,787.435153653574,,19,2,W 2017 19
124,1.04762294582893,650.423448511644,763.469981050677,730.487930502083,828.206318398533,,20,2,W 2017 20
125,1.04816533292007,657.8137822796,767.897924494261,724.009546889,731.075649751579,,21,2,W 2017 21
126,1.04868921369573,665.225419492091,772.345658620652,716.463051296894,681.162451460395,,22,2,W 2017 22
127,1.04919473413052,672.657667456883,776.812682227891,708.065795045919,751.385375760305,,23,2,W 2017 23
128,1.04968204128224,680.109829895724,781.298492414262,699.34888382668,704.640776054851,,24,2,W 2017 24
129,1.05015128327014,687.581207009736,785.802584605287,691.226069552952,650.079406439481,,25,2,W 2017 25
130,1.05060260925261,695.071095546583,790.324452582186,684.964805726153,752.016156212624,,26,2,W 2017 26
131,1.05103616940466,702.578788869394,794.86358851182,681.97871491261,685.836259488876,,27,2,W 2017 27
132,1.05145211489492,710.103577027451,799.419482978091,683.438331559478,695.342094760357,,28,2,W 2017 28
133,1.05185059786238,717.644746828653,803.99162501481,689.852428174004,706.475654256053,,29,2,W 2017 29
134,1.05223177139271,725.201581913742,808.579502140013,700.868760376091,763.89701639596,,30,2,W 2017 30
135,1.0525957894943,732.773362832286,813.182600391735,715.429611668422,685.059211179974,,31,2,W 2017 31
136,1.05294280707394,740.359367120442,817.800404365214,732.169340351869,776.259997875326,,32,2,W 2017 32
137,1.05327297991223,747.958869380462,822.432397251531,749.809253334137,797.191724654389,,33,2,W 2017 33
138,1.05358646463861,755.571141361968,827.078060877681,767.385013833184,829.917530946289,,34,2,W 2017 34
139,1.05388341870618,763.195452044968,831.736875748053,784.294867171852,758.834758247043,,35,2,W 2017 35
140,1.05416400036616,770.831067724628,836.408321087319,800.241311084392,718.451821262541,,36,2,W 2017 36
141,1.05442836864211,778.47725209777,841.091874884731,815.140027779617,845.545855411219,,37,2,W 2017 37
142,1.05467668330389,786.133266351109,845.787013939787,829.03799367661,850.688838419359,,38,2,W 2017 38
143,1.05490910484135,793.798369251213,850.493213909297,842.054683150363,706.247137124181,,39,2,W 2017 39
144,1.05512579443778,801.471817236164,855.209949355797,854.34567760212,825.490712808178,,40,2,W 2017 40
145,1.05532691394312,809.152864508933,859.936693797331,866.083213707635,804.883909418727,,41,2,W 2017 41
146,1.05551262584694,816.840763132434,864.672919758573,877.44806320934,968.922639614518,,42,2,W 2017 42
147,1.05568309325127,824.534763126259,869.418098823275,888.628368742399,963.824882580968,,43,2,W 2017 43
148,1.05583847984312,832.234112565069,874.171701688035,899.822210050921,858.396851384813,,44,2,W 2017 44
149,1.05597894986694,839.938057678641,878.933198217375,911.241415764573,948.375780502873,,45,2,W 2017 45
150,1.05610466809675,847.645842953536,883.7020575001,923.115473768997,923.755927092442,,46,2,W 2017 46
151,1.05621579980828,855.356711236385,888.477747906932,935.701898014254,884.49797877989,,47,2,W 2017 47
152,1.05631251075081,863.069903838768,893.259737149407,949.349018550492,961.783624615078,,48,2,W 2017 48
153,1.05639496711894,870.784660643665,898.04749234001,964.860787931299,1023.09270629395,,49,2,W 2017 49
154,1.05646333552422,878.500220213473,902.840480053541,985.688955629468,991.185814138798,,50,2,W 2017 50
155,1.05651778296664,886.215819899539,907.638166389679,1036.79031364284,1015.48068072206,,51,2,W 2017 51
156,1.05655847680606,893.930695953215,912.440017036748,1277.30755884988,1225.52327347515,,52,2,W 2017 52
157,1.05658558473347,901.644083638394,917.245497336643,1053.1594356166,1064.935658567,,1,3,W 2018 01
158,1.05659927474226,909.355217345511,922.054072350915,1012.73121207857,1043.67277817967,,2,3,W 2018 02
159,1.05659971509934,917.063330706973,926.86520692798,1002.67124872946,969.742316898234,,3,3,W 2018 03
160,1.05658707431626,924.767656714,931.67836577145,997.949239351057,1072.6244081435,,4,3,W 2018 04
161,1.05656152112024,932.467427834845,936.493013509538,995.128491452661,991.989825516367,,5,3,W 2018 05
162,1.05652322442521,940.161876134361,941.308614765542,993.452871383706,1075.31244057793,,6,3,W 2018 06
163,1.05647235330278,947.850233394889,946.124634229367,992.637009588211,1053.35034051629,,7,3,W 2018 07
164,1.05640907695327,955.531731238434,950.940536730071,992.502005428149,957.505415244419,,8,3,W 2018 08
165,1.05633356467664,963.205601250091,955.755787309402,992.922602213255,1027.96481738263,,9,3,W 2018 09
166,1.05624598584355,970.871075102693,960.569851296315,993.830581543929,954.823143276115,,10,3,W 2018 10
167,1.05614650986637,978.527384682649,965.382194382426,995.20871340379,1018.27310901631,,11,3,W 2018 11
168,1.05603530617026,986.17376221692,970.192282698394,996.984966507847,963.541610683368,,12,3,W 2018 12
169,1.0559125441643,993.809440401119,974.999582891193,998.632060922748,1092.901454945,,13,3,W 2018 13
170,1.05577839321268,1001.43365252867,979.803562202246,998.717609122298,957.849638274214,,14,3,W 2018 14
171,1.05563302260595,1009.04563262103,984.603688546406,996.098312841321,1016.16572194893,,15,3,W 2018 15
172,1.05547660153239,1016.64461555886,989.399430591735,991.538886382173,986.406734369952,,16,3,W 2018 16
173,1.05530929904945,1024.22983721417,994.190257840076,986.135275501768,922.355524528915,,17,3,W 2018 17
174,1.05513128405535,1031.8005345834,998.975640708359,980.086922880434,960.615450199056,,18,3,W 2018 18
175,1.0549427252607,1039.35594592134,1003.75505061064,973.130120556548,978.72764310726,,19,3,W 2018 19
176,1.05474379116038,1046.89531087585,1008.52796004082,964.959357498046,973.069623005842,,20,3,W 2018 20
177,1.05453465000548,1054.41787062339,1013.29384265603,955.380126036908,971.323957649738,,21,3,W 2018 21
178,1.05431546977543,1061.92286800531,1018.05217336061,944.39161839535,994.103777737964,,22,3,W 2018 22
179,1.05408641815027,1069.40954766471,1022.80242839074,932.285776483921,878.984687823217,,23,3,W 2018 23
180,1.05384766248314,1076.8771561841,1027.54408539954,919.766025640624,863.195262549534,,24,3,W 2018 24
181,1.05359936977294,1084.32494222345,1032.27662354279,908.035335034293,879.350406380763,,25,3,W 2018 25
182,1.05334170663716,1091.75215665898,1036.99952356505,898.755156665211,947.84204912319,,26,3,W 2018 26
183,1.05307483928497,1099.15805272228,1041.71226788632,893.770458264293,902.718668012881,,27,3,W 2018 27
184,1.05279893349051,1106.5418861399,1046.414340689,894.598751154031,812.898050004024,,28,3,W 2018 28
185,1.05251415456639,1113.90291527341,1051.1052280054,901.884386908328,954.859051787179,,29,3,W 2018 29
186,1.05222066733745,1121.24040125963,1055.7844178054,915.143550106381,924.013709878376,,30,3,W 2018 30
187,1.05191863611481,1128.55360815129,1060.45140008459,932.97413519457,908.035475533797,,31,3,W 2018 31
188,1.05160822467009,1135.84180305781,1065.10566695256,953.579515753618,912.089886707844,,32,3,W 2018 32
189,1.05128959620997,1143.10425628624,1069.74671272149,975.285004096253,988.421489298714,,33,3,W 2018 33
190,1.05096291335101,1150.34024148243,1074.37403399491,996.832792377903,954.201951395385,,34,3,W 2018 34
191,1.05062833809475,1157.54903577205,1078.9871297566,1017.44204481915,930.207229419556,,35,3,W 2018 35
192,1.0502860318031,1164.72991990182,1083.58550145963,1036.73033911575,1073.97505466131,,36,3,W 2018 36
193,1.04993615517408,1171.8821783805,1088.16865311548,1054.59326455986,1000.39246164232,,37,3,W 2018 37
194,1.04957886821782,1179.00509961987,1092.73609138318,1071.09676772931,1042.53026812255,,38,3,W 2018 38
195,1.04921433023287,1186.09797607547,1097.28732565842,1086.40012197764,1080.89097760176,,39,3,W 2018 39
196,1.04884269978293,1193.16010438716,1101.82186816271,1100.70837139042,1114.70036291479,,40,3,W 2018 40
197,1.0484641346738,1200.19078551929,1106.33923403233,1114.24695116846,1158.44953376623,,41,3,W 2018 41
198,1.04807879193075,1207.1893249006,1110.83894140725,1127.25107425297,1119.02514534757,,42,3,W 2018 42
199,1.04768682777624,1214.15503256369,1115.32051151984,1139.96413016734,1106.28930797742,,43,3,W 2018 43
200,1.04728839760796,1221.08722328393,1119.7834687834,1152.64087560084,1042.85625413512,,44,3,W 2018 44
201,1.04688365597722,1227.98521671794,1124.2273408804,1165.55218965769,1197.95573675207,,45,3,W 2018 45
202,1.04647275656781,1234.84833754139,1128.65165885046,1178.98991174386,1260.06765994596,,46,3,W 2018 46
203,1.04605585217513,1241.67591558619,1133.055957178,1193.27986793752,1102.11882353012,,47,3,W 2018 47
204,1.04563309468573,1248.46728597691,1137.4397738795,1208.86153050933,1178.08622999177,,48,3,W 2018 48
205,1.04520463505729,1255.22178926647,1141.80265059036,1226.75093968588,1266.34135346818,,49,3,W 2018 49
206,1.04477062329894,1261.93877157094,1146.14413265128,1251.31918436675,1268.03966577937,,50,3,W 2018 50
207,1.04433120845195,1268.61758470343,1150.46376919417,1314.16872523344,1352.83132066622,,51,3,W 2018 51
208,1.04388653857096,1275.25758630708,1154.76111322749,1616.5282879433,1575.14779603236,,52,3,W 2018 52
209,1.04343676070544,1281.85813998695,1159.03572172105,1330.77721296159,1384.27415122877,,1,4,W 2019 01
210,1.04298202088168,1288.41861544082,1163.28715569012,1277.68776962696,1197.05454298808,,2,4,W 2019 02
211,1.04252246408518,1294.93838858892,1167.51498027896,1263.00317935832,1300.07625126914,,3,4,W 2019 03
212,1.04205823424343,1301.41684170234,1171.71876484353,1255.06386438494,1299.37023018372,,4,4,W 2019 04
213,1.0415894742091,1307.85336353028,1175.89808303363,1249.52313427954,1239.64015990609,,5,4,W 2019 05
214,1.04111632574376,1314.24734942584,1180.05251287401,1245.42210589482,1223.17434203059,,6,4,W 2019 06
215,1.04063892950188,1320.59820147058,1184.1816368449,1242.39711797,1282.53859303607,,7,4,W 2019 07
216,1.04015742501537,1326.90532859746,1188.28504196148,1240.21980514415,1256.63288050649,,8,4,W 2019 08
217,1.03967195067855,1333.16814671242,1192.36231985256,1238.73013705934,1281.70749253139,,9,4,W 2019 09
218,1.03918264373346,1339.3860788143,1196.41306683824,1237.84011373871,1158.55380607884,,10,4,W 2019 10
219,1.03868964025578,1345.55855511316,1200.43688400665,1237.52566994358,1133.63338788982,,11,4,W 2019 11
220,1.03819307514098,1351.68501314695,1204.43337728957,1237.69482785226,1314.80501041281,,12,4,W 2019 12
221,1.03769308209113,1357.7648978964,1208.40215753709,1237.69195205843,1124.03065252831,,13,4,W 2019 13
222,1.03718979360196,1363.79766189813,1212.34284059108,1235.7458065066,1268.60489062376,,14,4,W 2019 14
223,1.03668334095051,1369.78276535595,1216.25504735759,1230.45405451021,1217.58109962738,,15,4,W 2019 15
224,1.03617385418315,1375.71967625018,1220.13840387802,1222.77680460133,1216.42834388701,,16,4,W 2019 16
225,1.03566146210404,1381.60787044511,1223.9925413991,1214.07568873892,1183.14143242711,,17,4,W 2019 17
226,1.0351462922641,1387.44683179438,1227.81709644161,1204.60142457344,1187.14368921012,,18,4,W 2019 18
227,1.03462847095036,1393.2360522443,1231.61171086786,1194.03479160236,1230.63321184835,,19,4,W 2019 19
228,1.03410812317577,1398.97503193515,1235.37603194774,1182.0075489117,1231.93001850807,,20,4,W 2019 20
229,1.0335853726695,1404.66327930018,1239.10971242356,1168.28973333714,1171.43277937662,,21,4,W 2019 21
230,1.03306034186761,1410.30031116254,1242.81241057342,1152.88946332568,1185.6953334247,,22,4,W 2019 22
231,1.03253315190422,1415.88565282987,1246.48379027314,1136.17163592172,1282.18271721012,,23,4,W 2019 23
232,1.03200392260312,1421.41883818659,1250.1235210568,1118.99932943041,1151.20377959173,,24,4,W 2019 24
233,1.03147277246978,1426.89940978391,1253.73127817576,1102.8364638484,1197.71514488688,,25,4,W 2019 25
234,1.03093981868384,1432.32691892734,1257.30674265622,1089.6928038958,1156.51851419461,,26,4,W 2019 26
235,1.030405177092,1437.70092576189,1260.84960135512,1081.78636341882,1162.84716781948,,27,4,W 2019 27
236,1.02986896220139,1443.02099935469,1264.35954701461,1080.92409267269,1090.53881017012,,28,4,W 2019 28
237,1.02933128717335,1448.28671777518,1267.83627831485,1087.84707192252,1037.94355191523,,29,4,W 2019 29
238,1.02879226381761,1453.49766817262,1271.27949992516,1101.93256797376,1099.3207528151,,30,4,W 2019 30
239,1.02825200258695,1458.65344685119,1274.6889225536,1121.45808385625,1151.97186376404,,31,4,W 2019 31
240,1.02771061257228,1463.75365934228,1278.06426299477,1144.23942977936,1160.47327567742,,32,4,W 2019 32
241,1.02716820149806,1468.79792047423,1281.40524417602,1168.25347902755,1155.4461763496,,33,4,W 2019 33
242,1.02662487571829,1473.78585443932,1284.71159520185,1191.98957376458,1148.72560442686,,34,4,W 2019 34
243,1.02608074021274,1478.71709485808,1287.98305139659,1214.5169051284,1215.41194903472,,35,4,W 2019 35
244,1.02553589858373,1483.59128484076,1291.21935434534,1235.38592690661,1224.05370640763,,36,4,W 2019 36
245,1.02499045305328,1488.40807704608,1294.42025193308,1254.48098076543,1267.09840750349,,37,4,W 2019 37
246,1.02444450446059,1493.16713373717,1297.58549838201,1271.88956613499,1295.23686971021,,38,4,W 2019 38
247,1.02389815226004,1497.86812683459,1300.71485428703,1287.80925771436,1277.0630917625,,39,4,W 2019 39
248,1.0233514945195,1502.51073796657,1303.8080866494,1302.49046341272,1232.03026942519,,40,4,W 2019 40
249,1.02280462791906,1507.09465851628,1306.86496890855,1316.20597227474,1350.18005160875,,41,4,W 2019 41
250,1.02225764775015,1511.61958966631,1309.88528097198,1329.23823164972,1313.44412328308,,42,4,W 2019 42
251,1.02171064791503,1516.08524244005,1312.86880924333,1341.87736591831,1471.45551373531,,43,4,W 2019 43
252,1.02116372092668,1520.4913377403,1315.81534664847,1354.42484691947,1313.60058236399,,44,4,W 2019 44
253,1.02061695790902,1524.83760638476,1318.72469265976,1367.19896162778,1345.21907612562,,45,4,W 2019 45
254,1.02007044859757,1529.12378913869,1321.59665331832,1380.54031944961,1346.63362173683,,46,4,W 2019 46
255,1.01952428134038,1533.34963674443,1324.43104125444,1394.82687327876,1380.7372906687,,47,4,W 2019 47
256,1.0189785430994,1537.51490994805,1327.22767570597,1410.56653392379,1457.29502911964,,48,4,W 2019 48
257,1.01843331945216,1541.61937952288,1329.98638253481,1428.93523999127,1429.73866912647,,49,4,W 2019 49
258,1.0178886945938,1545.66282629013,1332.70699424143,1455.00184621321,1473.94572972259,,50,4,W 2019 50
259,1.01734475133945,1549.64504113638,1335.38934997747,1525.40824556294,1565.18855903901,,51,4,W 2019 51
260,1.01680157112694,1553.56582502812,1338.03329555629,1873.08755698516,1882.33855798039,,52,4,W 2019 52
261,1.01625923401985,1557.42498902321,1340.63868346165,1539.2894087133,1536.77375097681,,1,5,W 2020 01
262,1.01571781871086,1561.22235427933,1343.20537285437,1475.29960130533,1442.00039512037,,2,5,W 2020 02
263,1.01517740252548,1564.9577520594,1345.73322957702,1455.79746404437,1497.84303234498,,3,5,W 2020 03
264,1.01463806142596,1568.63102373398,1348.22212615667,1444.12202183126,1362.40978540984,,4,5,W 2020 04
265,1.01409987001572,1572.24202078061,1350.67194180566,1435.23989235059,1453.12510502247,,5,5,W 2020 05
266,1.01356290154382,1575.79060478016,1353.08256242041,1428.03724067753,1526.82147660031,,6,5,W 2020 06
267,1.01302722790997,1579.27664741018,1355.45388057825,1422.0892660171,1482.14596110614,,7,5,W 2020 07
268,1.01249291966967,1582.70003043523,1357.78579553237,1417.12869833233,1440.11376575614,,8,5,W 2020 08
269,1.01196004603967,1586.06064569422,1360.07821320469,1412.9680579497,1449.59899204477,,9,5,W 2020 09
270,1.01142867490374,1589.35839508479,1362.33104617697,1409.50317569331,1444.41189629063,,10,5,W 2020 10
271,1.0108988728187,1592.59319054472,1364.54421367981,1406.70327170019,1387.47762175301,,11,5,W 2020 11
272,1.01037070502067,1595.76495403037,1366.71764157985,1404.46070991864,1427.64871476548,,12,5,W 2020 12
273,1.00984423543161,1598.87361749223,1368.85126236502,1402.03009439116,1433.95404393463,,13,5,W 2020 13
274,1.00931952666616,1601.91912284756,1370.94501512787,1397.40962430184,1361.72480467411,,14,5,W 2020 14
275,1.00879664003859,1604.9014219501,1372.99884554708,1389.0277372428,1295.62116616771,,15,5,W 2020 15
276,1.00827563557016,1607.82047655695,1375.01270586698,1377.98600340945,1402.6513503744,,16,5,W 2020 16
277,1.00775657199658,1610.67625829261,1376.98655487538,1365.83013658206,1278.5589351633,,17,5,W 2020 17
278,1.00723950677573,1613.46874861018,1378.92035787936,1352.84761247318,1425.4723460649,,18,5,W 2020 18
279,1.00672449609565,1616.19793874978,1380.81408667944,1338.68494890171,1338.20046300494,,19,5,W 2020 19
280,1.00621159488269,1618.86382969423,1382.66771954176,1322.936207171,1276.78113303246,,20,5,W 2020 20
281,1.00570085680986,1621.46643212197,1384.48124116863,1305.35270915726,1281.36943714851,,21,5,W 2020 21
282,1.00519233430542,1624.00576635729,1386.25464266715,1285.95301866986,1293.53934071869,,22,5,W 2020 22
283,1.00468607856167,1626.48186231788,1387.98792151624,1265.15284012088,1348.82680359976,,23,5,W 2020 23
284,1.00418213954387,1628.89475945982,1389.68108153184,1243.9188385494,1206.77970420391,,24,5,W 2020 24
285,1.00368056599937,1631.24450671981,1391.33413283044,1223.87790892076,1217.07169284935,,25,5,W 2020 25
286,1.00318140546698,1633.53116245502,1392.94709179089,1207.25068166373,1197.16477372978,,26,5,W 2020 26
287,1.00268470428637,1635.75479438033,1394.51998101466,1196.4731537809,1212.63388959459,,27,5,W 2020 27
288,1.00219050760779,1637.91547950305,1396.05282928434,1193.51108739631,1167.91714352073,,28,5,W 2020 28
289,1.00169885940183,1640.01330405524,1397.54567152058,1199.14218629427,1233.04313879369,,29,5,W 2020 29
290,1.00120980246938,1642.04836342365,1398.99854873749,1212.63818341491,1215.34236065029,,30,5,W 2020 30
291,1.00072337845176,1644.02076207726,1400.41150799645,1232.06750963344,1159.96840095952,,31,5,W 2020 31
292,1.00023962784089,1645.9306134925,1401.78460235835,1255.00513590573,1242.09746861332,,32,5,W 2020 32
293,0.999758589989732,1647.77804007618,1403.11789083445,1279.21854924762,1243.72974953605,,33,5,W 2020 33
294,0.999280303122752,1649.56317308629,1404.41143833564,1303.05027060083,1225.78733600343,,34,5,W 2020 34
295,0.998804804346542,1651.28615255045,1405.66531562034,1325.48661018667,1371.5501561342,,35,5,W 2020 35
296,0.998332129660564,1652.94712718242,1406.87959924099,1346.04492405206,1401.51050989026,,36,5,W 2020 36
297,0.997862313967988,1654.54625429632,1408.05437148912,1364.60892533072,1422.52884766195,,37,5,W 2020 37
298,0.997395391086646,1656.08369971902,1409.18972033913,1381.28370287655,1331.99544953296,,38,5,W 2020 38
299,0.996931393760076,1657.55963770033,1410.28573939067,1396.29298860077,1424.77418229117,,39,5,W 2020 39
300,0.996470353668666,1658.97425082144,1411.34252780987,1409.91623069713,1374.88534315244,,40,5,W 2020 40
301,0.996012301440881,1660.32772990135,1412.36019026917,1422.45523574475,1442.87842706212,,41,5,W 2020 41
302,0.995557266664574,1661.6202739015,1413.33883688605,1434.22026612152,1452.66265150992,,42,5,W 2020 42
303,0.995105277898374,1662.85208982866,1414.27858316055,1445.52784443096,1424.65727856923,,43,5,W 2020 43
304,0.994656362683143,1664.02339263601,1415.17954991157,1456.70465854858,1465.28179906378,,44,5,W 2020 44
305,0.994210547553505,1665.1344051226,1416.04186321219,1468.09336003287,1507.0517331801,,45,5,W 2020 45
306,0.99376785804943,1666.18535783118,1416.86565432379,1480.05835072753,1488.22365663767,,46,5,W 2020 46
307,0.993328318727874,1667.17648894444,1417.65105962918,1493.00169907676,1516.39602577672,,47,5,W 2020 47
308,0.99289195317448,1668.10804417976,1418.39822056474,1507.46183064744,1502.60668396069,,48,5,W 2020 48
309,0.992458784015311,1668.9802766825,1419.10728355156,1524.68659335468,1529.9955754398,,49,5,W 2020 49
310,0.992028832928635,1669.79344691784,1419.77839992563,1550.06329375592,1568.5037997651,,50,5,W 2020 50
311,0.991602120656742,1670.54782256137,1420.41172586718,1622.52885929384,1680.04681968801,,51,5,W 2020 51
312,0.991178667017795,1671.24367838828,1421.00742232912,1989.24147103651,1913.12395409395,,52,5,W 2020 52
313,0.990758490917706,1671.88129616137,1421.56565496462,1632.20783009744,,1762.46389084384,1,6,W 2021 01
314,0.990341610362039,1672.46096451791,1422.08659405402,1561.93820217619,,1559.47654260531,2,6,W 2021 02
315,0.989928042467926,1672.98297885531,1422.57041443083,1538.91897460531,,1531.84448924174,3,6,W 2021 03
316,0.989517803476001,1673.44764121576,1423.01729540713,1524.23741894991,,1520.12971012687,4,6,W 2021 04
317,0.989110908762347,1673.85526016987,1423.42742069822,1512.55071999247,,1605.55867037562,5,6,W 2021 05
318,0.988707372850436,1674.20615069931,1423.80097834668,1502.67313825632,,1515.39551061287,6,6,W 2021 06
319,0.988307209423091,1674.50063407864,1424.1381606458,1494.15012978215,,1466.25401314423,7,6,W 2021 07
320,0.987910431334423,1674.73903775619,1424.43916406237,1486.69519526814,,1495.49089470834,8,6,W 2021 08
321,0.987517050621779,1674.92169523425,1424.70418915911,1480.10716719421,,1480.89292651861,9,6,W 2021 09
322,0.987127078517676,1675.04894594845,1424.93344051639,1474.27324305325,,1451.51704383069,10,6,W 2021 10
323,0.986740525461711,1675.12113514655,1425.12712665364,1469.15795879281,,1547.82387024791,11,6,W 2021 11
324,0.986357401112468,1675.13861376655,1425.28545995028,1464.6459283313,,1323.49723871568,12,6,W 2021 12
325,0.985977714359397,1675.10173831426,1425.40865656628,1459.95835212861,,1385.48709124317,13,6,W 2021 13
326,0.985601473334665,1675.01087074036,1425.49693636232,1453.01461131151,,1444.73846414082,14,6,W 2021 14
327,0.985228685424987,1674.86637831702,1425.55052281967,1442.19292205486,,1524.66563377216,15,6,W 2021 15
328,0.98485935728342,1674.66863351409,1425.56964295982,1428.65226372248,,1350.07364404525,16,6,W 2021 16
329,0.984493494841123,1674.418013875,1425.55452726378,1414.00460867541,,1401.25563881527,17,6,W 2021 17
330,0.984131103319085,1674.11490189228,1425.50540959121,1398.55182999756,,1403.10844266358,18,6,W 2021 18
331,0.983772187239801,1673.75968488296,1425.42252709942,1381.93236965175,,1396.57027889054,19,6,W 2021 19
332,0.983416750438919,1673.35275486368,1425.30612016212,1363.73262065437,,1363.3977295732,20,6,W 2021 20
333,0.983064796076827,1672.89450842572,1425.15643228816,1343.70315360139,,1260.09832015284,21,6,W 2021 21
334,0.982716326650199,1672.38534660992,1424.97371004013,1321.87059112435,,1334.20330905468,22,6,W 2021 22
335,0.982371344003484,1671.8256747816,1424.75820295294,1298.66900065119,,1279.58165017886,23,6,W 2021 23
336,0.982029849340346,1671.21590250548,1424.51016345238,1275.09473329683,,1348.19032291095,24,6,W 2021 24
337,0.981691843235042,1670.55644342066,1424.22984677373,1252.81440709425,,1305.67750788777,25,6,W 2021 25
338,0.981357325643738,1669.84771511571,1423.91751088037,1234.09237563584,,1168.3873010732,26,6,W 2021 26
339,0.981026295915772,1669.09013900395,1423.57341638255,1221.40048068624,,1239.53502221146,27,6,W 2021 27
340,0.980698752804843,1668.28414019896,1423.19782645617,1216.71784176286,,1257.44553053571,28,6,W 2021 28
341,0.980374694480136,1667.43014739026,1422.79100676182,1220.80355100801,,1223.42175055944,29,6,W 2021 29
342,0.980054118537383,1666.5285927194,1422.35322536391,1232.88178743013,,1293.14589349988,30,6,W 2021 30
343,0.979737022009848,1665.57991165633,1421.88475265006,1250.95944740534,,1161.47929487369,31,6,W 2021 31
344,0.979423401379237,1664.58454287618,1421.3858612507,1272.55396654541,,1276.49549908365,32,6,W 2021 32
345,0.979113252586539,1663.54292813652,1420.85682595891,1295.39108542818,,1341.49501565855,33,6,W 2021 33
346,0.978806571042788,1662.45551215501,1420.29792365064,1317.79017403906,,1314.39653443158,34,6,W 2021 34
347,0.978503351639743,1661.32274248768,1419.70943320511,1338.72965574214,,1400.54011460314,35,6,W 2021 35
348,0.978203588760491,1660.14506940766,1419.09163542572,1357.72890136445,,1339.79530050616,36,6,W 2021 36
349,0.977907276289971,1658.92294578465,1418.44481296115,1374.67877025856,,1392.3505589992,37,6,W 2021 37
350,0.977614407625406,1657.65682696486,1417.76925022704,1389.69333334822,,1337.35411544331,38,6,W 2021 38
351,0.977324975686659,1656.34717065181,1417.06523332795,1403.00521690068,,1398.73245751109,39,6,W 2021 39
352,0.977038972926494,1654.9944367877,1416.33304997986,1414.90170946539,,1345.46125253062,40,6,W 2021 40
353,0.976756391340757,1653.59908743565,1415.57298943308,1425.69099884796,,1396.29168706339,41,6,W 2021 41
354,0.976477222478464,1652.16158666263,1414.78534239568,1435.68814308267,,1470.30602697628,42,6,W 2021 42
355,0.976201457451799,1650.68240042329,1413.97040095748,1445.21285277302,,1371.88208673386,43,6,W 2021 43
356,0.97592908694602,1649.16199644465,1413.12845851449,1454.5933827084,,1449.87188402224,44,6,W 2021 44
357,0.975660101229271,1647.60084411159,1412.25980969397,1464.17228410875,,1491.69067401301,45,6,W 2021 45
358,0.975394490162305,1645.99941435337,1411.36475028011,1474.31210446801,,1496.47917418952,46,6,W 2021 46
359,0.975132243208112,1644.35817953107,1410.4435771402,1485.4111262563,,1439.16312820626,47,6,W 2021 47
360,0.974873349441441,1642.67761332597,1409.49658815155,1498.00124976206,,1435.28597935487,48,6,W 2021 48
361,0.974617797558242,1640.95819062903,1408.52408212894,1513.31601869068,,1512.89981158009,49,6,W 2021 49
362,0.974365575884995,1639.2003874313,1407.52635875282,1536.68695326747,,1472.47097557065,50,6,W 2021 50
363,0.974116672387954,1637.40468071552,1406.50371849816,1606.64181547369,,1596.32750051232,51,6,W 2021 51
364,0.973871074682284,1635.57154834872,1405.45646256395,1967.47197596337,,1990.13565698123,52,6,W 2021 52
